<?xml version="1.0" encoding="UTF-8"?>
<project-private xmlns="http://www.netbeans.org/ns/project-private/1">
    <editor-bookmarks xmlns="http://www.netbeans.org/ns/editor-bookmarks/2" lastBookmarkId="0"/>
    <open-files xmlns="http://www.netbeans.org/ns/projectui-open-files/2">
        <group>
            <file>file:/F:/EDUCATION/JAVA%20PROJECT/DreamSquad/src/invoice/main.java</file>
            <file>file:/F:/EDUCATION/JAVA%20PROJECT/DreamSquad/src/dreamsquad/DrawerWindowController.java</file>
            <file>file:/F:/EDUCATION/JAVA%20PROJECT/DreamSquad/src/invoice/DataBaseHandler.java</file>
            <file>file:/F:/EDUCATION/JAVA%20PROJECT/DreamSquad/src/invoice/listInvoice.java</file>
            <file>file:/F:/EDUCATION/JAVA%20PROJECT/DreamSquad/src/invoice/InvoiceView.java</file>
        </group>
    </open-files>
</project-private>
