<?xml version="1.0" encoding="UTF-8"?>
<project-private xmlns="http://www.netbeans.org/ns/project-private/1">
    <editor-bookmarks xmlns="http://www.netbeans.org/ns/editor-bookmarks/2" lastBookmarkId="0"/>
    <open-files xmlns="http://www.netbeans.org/ns/projectui-open-files/2">
        <group>
            <file>file:/F:/EDUCATION/JAVA%20PROJECT/DRS/src/database/DatabaseHandler.java</file>
            <file>file:/F:/EDUCATION/JAVA%20PROJECT/DRS/src/drs/Deadline.java</file>
            <file>file:/F:/EDUCATION/JAVA%20PROJECT/DRS/src/drs/Main.fxml</file>
            <file>file:/F:/EDUCATION/JAVA%20PROJECT/DRS/src/view/ViewController.java</file>
            <file>file:/F:/EDUCATION/JAVA%20PROJECT/DRS/src/delete/DeleteController.java</file>
            <file>file:/F:/EDUCATION/JAVA%20PROJECT/DRS/src/drs/MainController.java</file>
            <file>file:/F:/EDUCATION/JAVA%20PROJECT/DRS/src/insert/InsertController.java</file>
            <file>file:/F:/EDUCATION/JAVA%20PROJECT/DRS/src/update/UpdateController.java</file>
        </group>
    </open-files>
</project-private>
